lon,lat,sp
-8545290.41960703,2346124.95192958,Uroderma_convexum
-8490290.41960703,2346124.95192958,Uroderma_convexum
-8545290.41960703,2291124.95192958,Uroderma_convexum
-8490290.41960703,2291124.95192958,Uroderma_convexum
-8655290.41960703,2236124.95192958,Uroderma_convexum
-8600290.41960703,2236124.95192958,Uroderma_convexum
-8545290.41960703,2236124.95192958,Uroderma_convexum
-8490290.41960703,2236124.95192958,Uroderma_convexum
-8655290.41960703,2181124.95192958,Uroderma_convexum
-8600290.41960703,2181124.95192958,Uroderma_convexum
-8545290.41960703,2181124.95192958,Uroderma_convexum
-8490290.41960703,2181124.95192958,Uroderma_convexum
-8765290.41960703,2126124.95192958,Uroderma_convexum
-8710290.41960703,2126124.95192958,Uroderma_convexum
-8655290.41960703,2126124.95192958,Uroderma_convexum
-8600290.41960703,2126124.95192958,Uroderma_convexum
-8545290.41960703,2126124.95192958,Uroderma_convexum
-8490290.41960703,2126124.95192958,Uroderma_convexum
-8765290.41960703,2071124.95192958,Uroderma_convexum
-8710290.41960703,2071124.95192958,Uroderma_convexum
-8655290.41960703,2071124.95192958,Uroderma_convexum
-8600290.41960703,2071124.95192958,Uroderma_convexum
-8545290.41960703,2071124.95192958,Uroderma_convexum
-8820290.41960703,2016124.95192958,Uroderma_convexum
-8765290.41960703,2016124.95192958,Uroderma_convexum
-8710290.41960703,2016124.95192958,Uroderma_convexum
-8655290.41960703,2016124.95192958,Uroderma_convexum
-8600290.41960703,2016124.95192958,Uroderma_convexum
-8545290.41960703,2016124.95192958,Uroderma_convexum
-8490290.41960703,2016124.95192958,Uroderma_convexum
-8435290.41960703,2016124.95192958,Uroderma_convexum
-8380290.41960703,2016124.95192958,Uroderma_convexum
-8325290.41960703,2016124.95192958,Uroderma_convexum
-8270290.41960703,2016124.95192958,Uroderma_convexum
-8215290.41960703,2016124.95192958,Uroderma_convexum
-8160290.41960703,2016124.95192958,Uroderma_convexum
-8105290.41960703,2016124.95192958,Uroderma_convexum
-8820290.41960703,1961124.95192958,Uroderma_convexum
-8765290.41960703,1961124.95192958,Uroderma_convexum
-8710290.41960703,1961124.95192958,Uroderma_convexum
-8655290.41960703,1961124.95192958,Uroderma_convexum
-8600290.41960703,1961124.95192958,Uroderma_convexum
-8545290.41960703,1961124.95192958,Uroderma_convexum
-8490290.41960703,1961124.95192958,Uroderma_convexum
-8435290.41960703,1961124.95192958,Uroderma_convexum
-8380290.41960703,1961124.95192958,Uroderma_convexum
-8325290.41960703,1961124.95192958,Uroderma_convexum
-8270290.41960703,1961124.95192958,Uroderma_convexum
-8215290.41960703,1961124.95192958,Uroderma_convexum
-8160290.41960703,1961124.95192958,Uroderma_convexum
-8105290.41960703,1961124.95192958,Uroderma_convexum
-8050290.41960703,1961124.95192958,Uroderma_convexum
-8875290.41960703,1906124.95192958,Uroderma_convexum
-8820290.41960703,1906124.95192958,Uroderma_convexum
-8765290.41960703,1906124.95192958,Uroderma_convexum
-8710290.41960703,1906124.95192958,Uroderma_convexum
-8655290.41960703,1906124.95192958,Uroderma_convexum
-8600290.41960703,1906124.95192958,Uroderma_convexum
-8545290.41960703,1906124.95192958,Uroderma_convexum
-8490290.41960703,1906124.95192958,Uroderma_convexum
-8435290.41960703,1906124.95192958,Uroderma_convexum
-8380290.41960703,1906124.95192958,Uroderma_convexum
-8325290.41960703,1906124.95192958,Uroderma_convexum
-8270290.41960703,1906124.95192958,Uroderma_convexum
-8215290.41960703,1906124.95192958,Uroderma_convexum
-8160290.41960703,1906124.95192958,Uroderma_convexum
-8105290.41960703,1906124.95192958,Uroderma_convexum
-8050290.41960703,1906124.95192958,Uroderma_convexum
-8930290.41960703,1851124.95192958,Uroderma_convexum
-8875290.41960703,1851124.95192958,Uroderma_convexum
-8820290.41960703,1851124.95192958,Uroderma_convexum
-8765290.41960703,1851124.95192958,Uroderma_convexum
-8710290.41960703,1851124.95192958,Uroderma_convexum
-8655290.41960703,1851124.95192958,Uroderma_convexum
-8600290.41960703,1851124.95192958,Uroderma_convexum
-8545290.41960703,1851124.95192958,Uroderma_convexum
-8490290.41960703,1851124.95192958,Uroderma_convexum
-8435290.41960703,1851124.95192958,Uroderma_convexum
-8380290.41960703,1851124.95192958,Uroderma_convexum
-8325290.41960703,1851124.95192958,Uroderma_convexum
-8270290.41960703,1851124.95192958,Uroderma_convexum
-8215290.41960703,1851124.95192958,Uroderma_convexum
-8160290.41960703,1851124.95192958,Uroderma_convexum
-8105290.41960703,1851124.95192958,Uroderma_convexum
-8050290.41960703,1851124.95192958,Uroderma_convexum
-8875290.41960703,1796124.95192958,Uroderma_convexum
-8820290.41960703,1796124.95192958,Uroderma_convexum
-8765290.41960703,1796124.95192958,Uroderma_convexum
-8710290.41960703,1796124.95192958,Uroderma_convexum
-8655290.41960703,1796124.95192958,Uroderma_convexum
-8600290.41960703,1796124.95192958,Uroderma_convexum
-8545290.41960703,1796124.95192958,Uroderma_convexum
-8490290.41960703,1796124.95192958,Uroderma_convexum
-8435290.41960703,1796124.95192958,Uroderma_convexum
-8380290.41960703,1796124.95192958,Uroderma_convexum
-8325290.41960703,1796124.95192958,Uroderma_convexum
-8270290.41960703,1796124.95192958,Uroderma_convexum
-8215290.41960703,1796124.95192958,Uroderma_convexum
-8160290.41960703,1796124.95192958,Uroderma_convexum
-8105290.41960703,1796124.95192958,Uroderma_convexum
-8050290.41960703,1796124.95192958,Uroderma_convexum
-8820290.41960703,1741124.95192958,Uroderma_convexum
-8765290.41960703,1741124.95192958,Uroderma_convexum
-8710290.41960703,1741124.95192958,Uroderma_convexum
-8655290.41960703,1741124.95192958,Uroderma_convexum
-8600290.41960703,1741124.95192958,Uroderma_convexum
-8545290.41960703,1741124.95192958,Uroderma_convexum
-8490290.41960703,1741124.95192958,Uroderma_convexum
-8435290.41960703,1741124.95192958,Uroderma_convexum
-8380290.41960703,1741124.95192958,Uroderma_convexum
-8325290.41960703,1741124.95192958,Uroderma_convexum
-8270290.41960703,1741124.95192958,Uroderma_convexum
-8215290.41960703,1741124.95192958,Uroderma_convexum
-8160290.41960703,1741124.95192958,Uroderma_convexum
-8105290.41960703,1741124.95192958,Uroderma_convexum
-8050290.41960703,1741124.95192958,Uroderma_convexum
-8655290.41960703,1686124.95192958,Uroderma_convexum
-8600290.41960703,1686124.95192958,Uroderma_convexum
-8545290.41960703,1686124.95192958,Uroderma_convexum
-8490290.41960703,1686124.95192958,Uroderma_convexum
-8435290.41960703,1686124.95192958,Uroderma_convexum
-8380290.41960703,1686124.95192958,Uroderma_convexum
-8325290.41960703,1686124.95192958,Uroderma_convexum
-8270290.41960703,1686124.95192958,Uroderma_convexum
-8215290.41960703,1686124.95192958,Uroderma_convexum
-8160290.41960703,1686124.95192958,Uroderma_convexum
-8105290.41960703,1686124.95192958,Uroderma_convexum
-8050290.41960703,1686124.95192958,Uroderma_convexum
-8435290.41960703,1631124.95192958,Uroderma_convexum
-8380290.41960703,1631124.95192958,Uroderma_convexum
-8325290.41960703,1631124.95192958,Uroderma_convexum
-8270290.41960703,1631124.95192958,Uroderma_convexum
-8215290.41960703,1631124.95192958,Uroderma_convexum
-8160290.41960703,1631124.95192958,Uroderma_convexum
-8105290.41960703,1631124.95192958,Uroderma_convexum
-8050290.41960703,1631124.95192958,Uroderma_convexum
-8435290.41960703,1576124.95192958,Uroderma_convexum
-8380290.41960703,1576124.95192958,Uroderma_convexum
-8325290.41960703,1576124.95192958,Uroderma_convexum
-8270290.41960703,1576124.95192958,Uroderma_convexum
-8215290.41960703,1576124.95192958,Uroderma_convexum
-8160290.41960703,1576124.95192958,Uroderma_convexum
-8105290.41960703,1576124.95192958,Uroderma_convexum
-8050290.41960703,1576124.95192958,Uroderma_convexum
-8380290.41960703,1521124.95192958,Uroderma_convexum
-8325290.41960703,1521124.95192958,Uroderma_convexum
-8270290.41960703,1521124.95192958,Uroderma_convexum
-8215290.41960703,1521124.95192958,Uroderma_convexum
-8160290.41960703,1521124.95192958,Uroderma_convexum
-8105290.41960703,1521124.95192958,Uroderma_convexum
-8050290.41960703,1521124.95192958,Uroderma_convexum
-8325290.41960703,1466124.95192958,Uroderma_convexum
-8270290.41960703,1466124.95192958,Uroderma_convexum
-8215290.41960703,1466124.95192958,Uroderma_convexum
-8160290.41960703,1466124.95192958,Uroderma_convexum
-8105290.41960703,1466124.95192958,Uroderma_convexum
-8050290.41960703,1466124.95192958,Uroderma_convexum
-8325290.41960703,1411124.95192958,Uroderma_convexum
-8270290.41960703,1411124.95192958,Uroderma_convexum
-8215290.41960703,1411124.95192958,Uroderma_convexum
-8160290.41960703,1411124.95192958,Uroderma_convexum
-8105290.41960703,1411124.95192958,Uroderma_convexum
-8050290.41960703,1411124.95192958,Uroderma_convexum
-8270290.41960703,1356124.95192958,Uroderma_convexum
-8215290.41960703,1356124.95192958,Uroderma_convexum
-8160290.41960703,1356124.95192958,Uroderma_convexum
-8105290.41960703,1356124.95192958,Uroderma_convexum
-8050290.41960703,1356124.95192958,Uroderma_convexum
-8270290.41960703,1301124.95192958,Uroderma_convexum
-8215290.41960703,1301124.95192958,Uroderma_convexum
-8160290.41960703,1301124.95192958,Uroderma_convexum
-8105290.41960703,1301124.95192958,Uroderma_convexum
-8050290.41960703,1301124.95192958,Uroderma_convexum
-7995290.41960703,1301124.95192958,Uroderma_convexum
-8270290.41960703,1246124.95192958,Uroderma_convexum
-8215290.41960703,1246124.95192958,Uroderma_convexum
-8160290.41960703,1246124.95192958,Uroderma_convexum
-8105290.41960703,1246124.95192958,Uroderma_convexum
-8050290.41960703,1246124.95192958,Uroderma_convexum
-7995290.41960703,1246124.95192958,Uroderma_convexum
-7665290.41960703,1246124.95192958,Uroderma_convexum
-8215290.41960703,1191124.95192958,Uroderma_convexum
-8160290.41960703,1191124.95192958,Uroderma_convexum
-8105290.41960703,1191124.95192958,Uroderma_convexum
-8050290.41960703,1191124.95192958,Uroderma_convexum
-7995290.41960703,1191124.95192958,Uroderma_convexum
-7940290.41960703,1191124.95192958,Uroderma_convexum
-7885290.41960703,1191124.95192958,Uroderma_convexum
-7775290.41960703,1191124.95192958,Uroderma_convexum
-7720290.41960703,1191124.95192958,Uroderma_convexum
-7665290.41960703,1191124.95192958,Uroderma_convexum
-7610290.41960703,1191124.95192958,Uroderma_convexum
-7555290.41960703,1191124.95192958,Uroderma_convexum
-7500290.41960703,1191124.95192958,Uroderma_convexum
-8105290.41960703,1136124.95192958,Uroderma_convexum
-8050290.41960703,1136124.95192958,Uroderma_convexum
-7995290.41960703,1136124.95192958,Uroderma_convexum
-7940290.41960703,1136124.95192958,Uroderma_convexum
-7885290.41960703,1136124.95192958,Uroderma_convexum
-7830290.41960703,1136124.95192958,Uroderma_convexum
-7775290.41960703,1136124.95192958,Uroderma_convexum
-7720290.41960703,1136124.95192958,Uroderma_convexum
-7665290.41960703,1136124.95192958,Uroderma_convexum
-7610290.41960703,1136124.95192958,Uroderma_convexum
-7555290.41960703,1136124.95192958,Uroderma_convexum
-7500290.41960703,1136124.95192958,Uroderma_convexum
-8105290.41960703,1081124.95192958,Uroderma_convexum
-8050290.41960703,1081124.95192958,Uroderma_convexum
-7995290.41960703,1081124.95192958,Uroderma_convexum
-7940290.41960703,1081124.95192958,Uroderma_convexum
-7885290.41960703,1081124.95192958,Uroderma_convexum
-7830290.41960703,1081124.95192958,Uroderma_convexum
-7775290.41960703,1081124.95192958,Uroderma_convexum
-7720290.41960703,1081124.95192958,Uroderma_convexum
-7665290.41960703,1081124.95192958,Uroderma_convexum
-7610290.41960703,1081124.95192958,Uroderma_convexum
-7555290.41960703,1081124.95192958,Uroderma_convexum
-7500290.41960703,1081124.95192958,Uroderma_convexum
-7445290.41960703,1081124.95192958,Uroderma_convexum
-7995290.41960703,1026124.95192958,Uroderma_convexum
-7940290.41960703,1026124.95192958,Uroderma_convexum
-7885290.41960703,1026124.95192958,Uroderma_convexum
-7830290.41960703,1026124.95192958,Uroderma_convexum
-7775290.41960703,1026124.95192958,Uroderma_convexum
-7720290.41960703,1026124.95192958,Uroderma_convexum
-7555290.41960703,1026124.95192958,Uroderma_convexum
-7500290.41960703,1026124.95192958,Uroderma_convexum
-7445290.41960703,1026124.95192958,Uroderma_convexum
-7390290.41960703,1026124.95192958,Uroderma_convexum
-7885290.41960703,971124.951929583,Uroderma_convexum
-7830290.41960703,971124.951929583,Uroderma_convexum
-7775290.41960703,971124.951929583,Uroderma_convexum
-7720290.41960703,971124.951929583,Uroderma_convexum
-7555290.41960703,971124.951929583,Uroderma_convexum
-7500290.41960703,971124.951929583,Uroderma_convexum
-7445290.41960703,971124.951929583,Uroderma_convexum
-7390290.41960703,971124.951929583,Uroderma_convexum
-7830290.41960703,916124.951929583,Uroderma_convexum
-7775290.41960703,916124.951929583,Uroderma_convexum
-7720290.41960703,916124.951929583,Uroderma_convexum
-7555290.41960703,916124.951929583,Uroderma_convexum
-7500290.41960703,916124.951929583,Uroderma_convexum
-7445290.41960703,916124.951929583,Uroderma_convexum
-7390290.41960703,916124.951929583,Uroderma_convexum
-7500290.41960703,861124.951929583,Uroderma_convexum
-7445290.41960703,861124.951929583,Uroderma_convexum
-7390290.41960703,861124.951929583,Uroderma_convexum
-7500290.41960703,806124.951929583,Uroderma_convexum
-7445290.41960703,806124.951929583,Uroderma_convexum
-7390290.41960703,806124.951929583,Uroderma_convexum
-7445290.41960703,751124.951929583,Uroderma_convexum
-7390290.41960703,751124.951929583,Uroderma_convexum
-7500290.41960703,696124.951929583,Uroderma_convexum
-7445290.41960703,696124.951929583,Uroderma_convexum
-7390290.41960703,696124.951929583,Uroderma_convexum
-7445290.41960703,641124.951929583,Uroderma_convexum
-7390290.41960703,641124.951929583,Uroderma_convexum
-7445290.41960703,586124.951929583,Uroderma_convexum
-7390290.41960703,586124.951929583,Uroderma_convexum
-7500290.41960703,531124.951929583,Uroderma_convexum
-7445290.41960703,531124.951929583,Uroderma_convexum
-7390290.41960703,531124.951929583,Uroderma_convexum
-7445290.41960703,476124.951929583,Uroderma_convexum
-7390290.41960703,476124.951929583,Uroderma_convexum
-7500290.41960703,421124.951929583,Uroderma_convexum
-7445290.41960703,421124.951929583,Uroderma_convexum
-7555290.41960703,366124.951929583,Uroderma_convexum
-7500290.41960703,366124.951929583,Uroderma_convexum
-7445290.41960703,366124.951929583,Uroderma_convexum
-7610290.41960703,311124.951929583,Uroderma_convexum
-7555290.41960703,311124.951929583,Uroderma_convexum
-7500290.41960703,311124.951929583,Uroderma_convexum
-7445290.41960703,311124.951929583,Uroderma_convexum
-7610290.41960703,256124.951929583,Uroderma_convexum
-7555290.41960703,256124.951929583,Uroderma_convexum
-7500290.41960703,256124.951929583,Uroderma_convexum
-7610290.41960703,201124.951929583,Uroderma_convexum
-7555290.41960703,201124.951929583,Uroderma_convexum
-7500290.41960703,201124.951929583,Uroderma_convexum
-7610290.41960703,146124.951929583,Uroderma_convexum
-7555290.41960703,146124.951929583,Uroderma_convexum
