lon,lat,sp
-8985290.42,2181124.952,Uroderma_davisi_m
-8930290.42,2181124.952,Uroderma_davisi_m
-8875290.42,2181124.952,Uroderma_davisi_m
-8985290.42,2126124.952,Uroderma_davisi_m
-8930290.42,2126124.952,Uroderma_davisi_m
-8875290.42,2126124.952,Uroderma_davisi_m
-8820290.42,2126124.952,Uroderma_davisi_m
-9040290.42,2071124.952,Uroderma_davisi_m
-8985290.42,2071124.952,Uroderma_davisi_m
-8930290.42,2071124.952,Uroderma_davisi_m
-8875290.42,2071124.952,Uroderma_davisi_m
-9040290.42,2016124.952,Uroderma_davisi_m
-8985290.42,2016124.952,Uroderma_davisi_m
-8930290.42,2016124.952,Uroderma_davisi_m
-8875290.42,2016124.952,Uroderma_davisi_m
-8820290.42,2016124.952,Uroderma_davisi_m
-9040290.42,1961124.952,Uroderma_davisi_m
-8985290.42,1961124.952,Uroderma_davisi_m
-8930290.42,1961124.952,Uroderma_davisi_m
-8875290.42,1961124.952,Uroderma_davisi_m
-8820290.42,1961124.952,Uroderma_davisi_m
-8765290.42,1961124.952,Uroderma_davisi_m
-8710290.42,1961124.952,Uroderma_davisi_m
-8435290.42,1961124.952,Uroderma_davisi_m
-8380290.42,1961124.952,Uroderma_davisi_m
-8930290.42,1906124.952,Uroderma_davisi_m
-8875290.42,1906124.952,Uroderma_davisi_m
-8820290.42,1906124.952,Uroderma_davisi_m
-8765290.42,1906124.952,Uroderma_davisi_m
-8710290.42,1906124.952,Uroderma_davisi_m
-8655290.42,1906124.952,Uroderma_davisi_m
-8600290.42,1906124.952,Uroderma_davisi_m
-8545290.42,1906124.952,Uroderma_davisi_m
-8490290.42,1906124.952,Uroderma_davisi_m
-8435290.42,1906124.952,Uroderma_davisi_m
-8380290.42,1906124.952,Uroderma_davisi_m
-8270290.42,1906124.952,Uroderma_davisi_m
-8215290.42,1906124.952,Uroderma_davisi_m
-8930290.42,1851124.952,Uroderma_davisi_m
-8875290.42,1851124.952,Uroderma_davisi_m
-8820290.42,1851124.952,Uroderma_davisi_m
-8765290.42,1851124.952,Uroderma_davisi_m
-8710290.42,1851124.952,Uroderma_davisi_m
-8655290.42,1851124.952,Uroderma_davisi_m
-8600290.42,1851124.952,Uroderma_davisi_m
-8545290.42,1851124.952,Uroderma_davisi_m
-8490290.42,1851124.952,Uroderma_davisi_m
-8435290.42,1851124.952,Uroderma_davisi_m
-8380290.42,1851124.952,Uroderma_davisi_m
-8325290.42,1851124.952,Uroderma_davisi_m
-8270290.42,1851124.952,Uroderma_davisi_m
-8215290.42,1851124.952,Uroderma_davisi_m
-8875290.42,1796124.952,Uroderma_davisi_m
-8820290.42,1796124.952,Uroderma_davisi_m
-8765290.42,1796124.952,Uroderma_davisi_m
-8710290.42,1796124.952,Uroderma_davisi_m
-8655290.42,1796124.952,Uroderma_davisi_m
-8600290.42,1796124.952,Uroderma_davisi_m
-8545290.42,1796124.952,Uroderma_davisi_m
-8490290.42,1796124.952,Uroderma_davisi_m
-8435290.42,1796124.952,Uroderma_davisi_m
-8380290.42,1796124.952,Uroderma_davisi_m
-8325290.42,1796124.952,Uroderma_davisi_m
-8270290.42,1796124.952,Uroderma_davisi_m
-8215290.42,1796124.952,Uroderma_davisi_m
-8820290.42,1741124.952,Uroderma_davisi_m
-8765290.42,1741124.952,Uroderma_davisi_m
-8710290.42,1741124.952,Uroderma_davisi_m
-8655290.42,1741124.952,Uroderma_davisi_m
-8600290.42,1741124.952,Uroderma_davisi_m
-8545290.42,1741124.952,Uroderma_davisi_m
-8490290.42,1741124.952,Uroderma_davisi_m
-8435290.42,1741124.952,Uroderma_davisi_m
-8380290.42,1741124.952,Uroderma_davisi_m
-8325290.42,1741124.952,Uroderma_davisi_m
-8270290.42,1741124.952,Uroderma_davisi_m
-8655290.42,1686124.952,Uroderma_davisi_m
-8600290.42,1686124.952,Uroderma_davisi_m
-8545290.42,1686124.952,Uroderma_davisi_m
-8490290.42,1686124.952,Uroderma_davisi_m
-8435290.42,1686124.952,Uroderma_davisi_m
-8380290.42,1686124.952,Uroderma_davisi_m
-8325290.42,1686124.952,Uroderma_davisi_m
-8270290.42,1686124.952,Uroderma_davisi_m
-8435290.42,1631124.952,Uroderma_davisi_m
-8380290.42,1631124.952,Uroderma_davisi_m
-8325290.42,1631124.952,Uroderma_davisi_m
-8270290.42,1631124.952,Uroderma_davisi_m
-8435290.42,1576124.952,Uroderma_davisi_m
-8380290.42,1576124.952,Uroderma_davisi_m
-8325290.42,1576124.952,Uroderma_davisi_m
-8270290.42,1576124.952,Uroderma_davisi_m
-8215290.42,1576124.952,Uroderma_davisi_m
-8380290.42,1521124.952,Uroderma_davisi_m
-8325290.42,1521124.952,Uroderma_davisi_m
-8270290.42,1521124.952,Uroderma_davisi_m
-8215290.42,1521124.952,Uroderma_davisi_m
-8325290.42,1466124.952,Uroderma_davisi_m
-8270290.42,1466124.952,Uroderma_davisi_m
-8215290.42,1466124.952,Uroderma_davisi_m
-8160290.42,1466124.952,Uroderma_davisi_m
-8325290.42,1411124.952,Uroderma_davisi_m
-8270290.42,1411124.952,Uroderma_davisi_m
-8215290.42,1411124.952,Uroderma_davisi_m
-8160290.42,1411124.952,Uroderma_davisi_m
-8270290.42,1356124.952,Uroderma_davisi_m
-8215290.42,1356124.952,Uroderma_davisi_m
-8270290.42,1301124.952,Uroderma_davisi_m
-8215290.42,1301124.952,Uroderma_davisi_m
-8160290.42,1301124.952,Uroderma_davisi_m
-8215290.42,1246124.952,Uroderma_davisi_m
-8160290.42,1246124.952,Uroderma_davisi_m
