lon,lat,sp
-7005290.42,1411124.952,Uroderma_bakeri_m
-6950290.42,1411124.952,Uroderma_bakeri_m
-7060290.42,1356124.952,Uroderma_bakeri_m
-7005290.42,1356124.952,Uroderma_bakeri_m
-6950290.42,1356124.952,Uroderma_bakeri_m
-6620290.42,1356124.952,Uroderma_bakeri_m
-6565290.42,1356124.952,Uroderma_bakeri_m
-6510290.42,1356124.952,Uroderma_bakeri_m
-6455290.42,1356124.952,Uroderma_bakeri_m
-6070290.42,1356124.952,Uroderma_bakeri_m
-7060290.42,1301124.952,Uroderma_bakeri_m
-7005290.42,1301124.952,Uroderma_bakeri_m
-6675290.42,1301124.952,Uroderma_bakeri_m
-6620290.42,1301124.952,Uroderma_bakeri_m
-6565290.42,1301124.952,Uroderma_bakeri_m
-6510290.42,1301124.952,Uroderma_bakeri_m
-6455290.42,1301124.952,Uroderma_bakeri_m
-6400290.42,1301124.952,Uroderma_bakeri_m
-6345290.42,1301124.952,Uroderma_bakeri_m
-6290290.42,1301124.952,Uroderma_bakeri_m
-6235290.42,1301124.952,Uroderma_bakeri_m
-6180290.42,1301124.952,Uroderma_bakeri_m
-6125290.42,1301124.952,Uroderma_bakeri_m
-6070290.42,1301124.952,Uroderma_bakeri_m
-7060290.42,1246124.952,Uroderma_bakeri_m
-7005290.42,1246124.952,Uroderma_bakeri_m
-6785290.42,1246124.952,Uroderma_bakeri_m
-6730290.42,1246124.952,Uroderma_bakeri_m
-6675290.42,1246124.952,Uroderma_bakeri_m
-6620290.42,1246124.952,Uroderma_bakeri_m
-6565290.42,1246124.952,Uroderma_bakeri_m
-6510290.42,1246124.952,Uroderma_bakeri_m
-6455290.42,1246124.952,Uroderma_bakeri_m
-6400290.42,1246124.952,Uroderma_bakeri_m
-6345290.42,1246124.952,Uroderma_bakeri_m
-6290290.42,1246124.952,Uroderma_bakeri_m
-6235290.42,1246124.952,Uroderma_bakeri_m
-6180290.42,1246124.952,Uroderma_bakeri_m
-6125290.42,1246124.952,Uroderma_bakeri_m
-6070290.42,1246124.952,Uroderma_bakeri_m
-7115290.42,1191124.952,Uroderma_bakeri_m
-7060290.42,1191124.952,Uroderma_bakeri_m
-6840290.42,1191124.952,Uroderma_bakeri_m
-6785290.42,1191124.952,Uroderma_bakeri_m
-6730290.42,1191124.952,Uroderma_bakeri_m
-6675290.42,1191124.952,Uroderma_bakeri_m
-6620290.42,1191124.952,Uroderma_bakeri_m
-6565290.42,1191124.952,Uroderma_bakeri_m
-6510290.42,1191124.952,Uroderma_bakeri_m
-6455290.42,1191124.952,Uroderma_bakeri_m
-6400290.42,1191124.952,Uroderma_bakeri_m
-6345290.42,1191124.952,Uroderma_bakeri_m
-6290290.42,1191124.952,Uroderma_bakeri_m
-6235290.42,1191124.952,Uroderma_bakeri_m
-6180290.42,1191124.952,Uroderma_bakeri_m
-6125290.42,1191124.952,Uroderma_bakeri_m
-6070290.42,1191124.952,Uroderma_bakeri_m
-6015290.42,1191124.952,Uroderma_bakeri_m
-7060290.42,1136124.952,Uroderma_bakeri_m
-6895290.42,1136124.952,Uroderma_bakeri_m
-6840290.42,1136124.952,Uroderma_bakeri_m
-6785290.42,1136124.952,Uroderma_bakeri_m
-6730290.42,1136124.952,Uroderma_bakeri_m
-6675290.42,1136124.952,Uroderma_bakeri_m
-6620290.42,1136124.952,Uroderma_bakeri_m
-6565290.42,1136124.952,Uroderma_bakeri_m
-6510290.42,1136124.952,Uroderma_bakeri_m
-6455290.42,1136124.952,Uroderma_bakeri_m
-6400290.42,1136124.952,Uroderma_bakeri_m
-6345290.42,1136124.952,Uroderma_bakeri_m
-6290290.42,1136124.952,Uroderma_bakeri_m
-6235290.42,1136124.952,Uroderma_bakeri_m
-6180290.42,1136124.952,Uroderma_bakeri_m
-6125290.42,1136124.952,Uroderma_bakeri_m
-6070290.42,1136124.952,Uroderma_bakeri_m
-6015290.42,1136124.952,Uroderma_bakeri_m
-7060290.42,1081124.952,Uroderma_bakeri_m
-7005290.42,1081124.952,Uroderma_bakeri_m
-6950290.42,1081124.952,Uroderma_bakeri_m
-6895290.42,1081124.952,Uroderma_bakeri_m
-6840290.42,1081124.952,Uroderma_bakeri_m
-6785290.42,1081124.952,Uroderma_bakeri_m
-6730290.42,1081124.952,Uroderma_bakeri_m
-6675290.42,1081124.952,Uroderma_bakeri_m
-6620290.42,1081124.952,Uroderma_bakeri_m
-6565290.42,1081124.952,Uroderma_bakeri_m
-6510290.42,1081124.952,Uroderma_bakeri_m
-6455290.42,1081124.952,Uroderma_bakeri_m
-6400290.42,1081124.952,Uroderma_bakeri_m
-6345290.42,1081124.952,Uroderma_bakeri_m
-6290290.42,1081124.952,Uroderma_bakeri_m
-6235290.42,1081124.952,Uroderma_bakeri_m
-6180290.42,1081124.952,Uroderma_bakeri_m
-6125290.42,1081124.952,Uroderma_bakeri_m
-6070290.42,1081124.952,Uroderma_bakeri_m
-6015290.42,1081124.952,Uroderma_bakeri_m
-7060290.42,1026124.952,Uroderma_bakeri_m
-7005290.42,1026124.952,Uroderma_bakeri_m
-6950290.42,1026124.952,Uroderma_bakeri_m
-6895290.42,1026124.952,Uroderma_bakeri_m
-6840290.42,1026124.952,Uroderma_bakeri_m
-6785290.42,1026124.952,Uroderma_bakeri_m
-6730290.42,1026124.952,Uroderma_bakeri_m
-6675290.42,1026124.952,Uroderma_bakeri_m
-6620290.42,1026124.952,Uroderma_bakeri_m
-6565290.42,1026124.952,Uroderma_bakeri_m
-6510290.42,1026124.952,Uroderma_bakeri_m
-6455290.42,1026124.952,Uroderma_bakeri_m
-6400290.42,1026124.952,Uroderma_bakeri_m
-6345290.42,1026124.952,Uroderma_bakeri_m
-6290290.42,1026124.952,Uroderma_bakeri_m
-6235290.42,1026124.952,Uroderma_bakeri_m
-6180290.42,1026124.952,Uroderma_bakeri_m
-6125290.42,1026124.952,Uroderma_bakeri_m
-6070290.42,1026124.952,Uroderma_bakeri_m
-6015290.42,1026124.952,Uroderma_bakeri_m
-5960290.42,1026124.952,Uroderma_bakeri_m
-7060290.42,971124.9519,Uroderma_bakeri_m
-7005290.42,971124.9519,Uroderma_bakeri_m
-6950290.42,971124.9519,Uroderma_bakeri_m
-6895290.42,971124.9519,Uroderma_bakeri_m
-6840290.42,971124.9519,Uroderma_bakeri_m
-6785290.42,971124.9519,Uroderma_bakeri_m
-6730290.42,971124.9519,Uroderma_bakeri_m
-6675290.42,971124.9519,Uroderma_bakeri_m
-6620290.42,971124.9519,Uroderma_bakeri_m
-6565290.42,971124.9519,Uroderma_bakeri_m
-6510290.42,971124.9519,Uroderma_bakeri_m
-6455290.42,971124.9519,Uroderma_bakeri_m
-6400290.42,971124.9519,Uroderma_bakeri_m
-6345290.42,971124.9519,Uroderma_bakeri_m
-6290290.42,971124.9519,Uroderma_bakeri_m
-6235290.42,971124.9519,Uroderma_bakeri_m
-6180290.42,971124.9519,Uroderma_bakeri_m
-6125290.42,971124.9519,Uroderma_bakeri_m
-6070290.42,971124.9519,Uroderma_bakeri_m
-6015290.42,971124.9519,Uroderma_bakeri_m
-5960290.42,971124.9519,Uroderma_bakeri_m
-7005290.42,916124.9519,Uroderma_bakeri_m
-6950290.42,916124.9519,Uroderma_bakeri_m
-6895290.42,916124.9519,Uroderma_bakeri_m
-6840290.42,916124.9519,Uroderma_bakeri_m
-6785290.42,916124.9519,Uroderma_bakeri_m
-6730290.42,916124.9519,Uroderma_bakeri_m
-6675290.42,916124.9519,Uroderma_bakeri_m
-6620290.42,916124.9519,Uroderma_bakeri_m
-6565290.42,916124.9519,Uroderma_bakeri_m
-6510290.42,916124.9519,Uroderma_bakeri_m
-6455290.42,916124.9519,Uroderma_bakeri_m
-6400290.42,916124.9519,Uroderma_bakeri_m
-6345290.42,916124.9519,Uroderma_bakeri_m
-6290290.42,916124.9519,Uroderma_bakeri_m
-6235290.42,916124.9519,Uroderma_bakeri_m
-6180290.42,916124.9519,Uroderma_bakeri_m
-6125290.42,916124.9519,Uroderma_bakeri_m
-6070290.42,916124.9519,Uroderma_bakeri_m
-6015290.42,916124.9519,Uroderma_bakeri_m
-5960290.42,916124.9519,Uroderma_bakeri_m
-7005290.42,861124.9519,Uroderma_bakeri_m
-6950290.42,861124.9519,Uroderma_bakeri_m
-6895290.42,861124.9519,Uroderma_bakeri_m
-6840290.42,861124.9519,Uroderma_bakeri_m
-6785290.42,861124.9519,Uroderma_bakeri_m
-6730290.42,861124.9519,Uroderma_bakeri_m
-6675290.42,861124.9519,Uroderma_bakeri_m
-6620290.42,861124.9519,Uroderma_bakeri_m
-6565290.42,861124.9519,Uroderma_bakeri_m
-6510290.42,861124.9519,Uroderma_bakeri_m
-6455290.42,861124.9519,Uroderma_bakeri_m
-6400290.42,861124.9519,Uroderma_bakeri_m
-6345290.42,861124.9519,Uroderma_bakeri_m
-6180290.42,861124.9519,Uroderma_bakeri_m
-6125290.42,861124.9519,Uroderma_bakeri_m
-7005290.42,806124.9519,Uroderma_bakeri_m
-6950290.42,806124.9519,Uroderma_bakeri_m
-6895290.42,806124.9519,Uroderma_bakeri_m
-6840290.42,806124.9519,Uroderma_bakeri_m
-6785290.42,806124.9519,Uroderma_bakeri_m
-6730290.42,806124.9519,Uroderma_bakeri_m
-6675290.42,806124.9519,Uroderma_bakeri_m
-6620290.42,806124.9519,Uroderma_bakeri_m
-6565290.42,806124.9519,Uroderma_bakeri_m
-6510290.42,806124.9519,Uroderma_bakeri_m
-6455290.42,806124.9519,Uroderma_bakeri_m
-6125290.42,806124.9519,Uroderma_bakeri_m
-7005290.42,751124.9519,Uroderma_bakeri_m
-6950290.42,751124.9519,Uroderma_bakeri_m
-6895290.42,751124.9519,Uroderma_bakeri_m
-6840290.42,751124.9519,Uroderma_bakeri_m
-6785290.42,751124.9519,Uroderma_bakeri_m
-6730290.42,751124.9519,Uroderma_bakeri_m
-6675290.42,751124.9519,Uroderma_bakeri_m
-6620290.42,751124.9519,Uroderma_bakeri_m
-6565290.42,751124.9519,Uroderma_bakeri_m
-6510290.42,751124.9519,Uroderma_bakeri_m
-6455290.42,751124.9519,Uroderma_bakeri_m
-7115290.42,696124.9519,Uroderma_bakeri_m
-7060290.42,696124.9519,Uroderma_bakeri_m
-7005290.42,696124.9519,Uroderma_bakeri_m
-6950290.42,696124.9519,Uroderma_bakeri_m
-6895290.42,696124.9519,Uroderma_bakeri_m
-6840290.42,696124.9519,Uroderma_bakeri_m
-6785290.42,696124.9519,Uroderma_bakeri_m
-6730290.42,696124.9519,Uroderma_bakeri_m
-6675290.42,696124.9519,Uroderma_bakeri_m
-6620290.42,696124.9519,Uroderma_bakeri_m
-6565290.42,696124.9519,Uroderma_bakeri_m
-6510290.42,696124.9519,Uroderma_bakeri_m
-7115290.42,641124.9519,Uroderma_bakeri_m
-7060290.42,641124.9519,Uroderma_bakeri_m
-7005290.42,641124.9519,Uroderma_bakeri_m
-6950290.42,641124.9519,Uroderma_bakeri_m
-6895290.42,641124.9519,Uroderma_bakeri_m
-6840290.42,641124.9519,Uroderma_bakeri_m
-6785290.42,641124.9519,Uroderma_bakeri_m
-6730290.42,641124.9519,Uroderma_bakeri_m
-6675290.42,641124.9519,Uroderma_bakeri_m
-6620290.42,641124.9519,Uroderma_bakeri_m
-6565290.42,641124.9519,Uroderma_bakeri_m
-6510290.42,641124.9519,Uroderma_bakeri_m
-7170290.42,586124.9519,Uroderma_bakeri_m
-7115290.42,586124.9519,Uroderma_bakeri_m
-7060290.42,586124.9519,Uroderma_bakeri_m
-7005290.42,586124.9519,Uroderma_bakeri_m
-6950290.42,586124.9519,Uroderma_bakeri_m
-6895290.42,586124.9519,Uroderma_bakeri_m
-6840290.42,586124.9519,Uroderma_bakeri_m
-6785290.42,586124.9519,Uroderma_bakeri_m
-6730290.42,586124.9519,Uroderma_bakeri_m
-6675290.42,586124.9519,Uroderma_bakeri_m
-6620290.42,586124.9519,Uroderma_bakeri_m
-6565290.42,586124.9519,Uroderma_bakeri_m
-7170290.42,531124.9519,Uroderma_bakeri_m
-7115290.42,531124.9519,Uroderma_bakeri_m
-7060290.42,531124.9519,Uroderma_bakeri_m
-7005290.42,531124.9519,Uroderma_bakeri_m
-6950290.42,531124.9519,Uroderma_bakeri_m
-6895290.42,531124.9519,Uroderma_bakeri_m
-6840290.42,531124.9519,Uroderma_bakeri_m
-6785290.42,531124.9519,Uroderma_bakeri_m
-6730290.42,531124.9519,Uroderma_bakeri_m
-6675290.42,531124.9519,Uroderma_bakeri_m
-6620290.42,531124.9519,Uroderma_bakeri_m
-6565290.42,531124.9519,Uroderma_bakeri_m
-6510290.42,531124.9519,Uroderma_bakeri_m
-7170290.42,476124.9519,Uroderma_bakeri_m
-7115290.42,476124.9519,Uroderma_bakeri_m
-7060290.42,476124.9519,Uroderma_bakeri_m
-7005290.42,476124.9519,Uroderma_bakeri_m
-6950290.42,476124.9519,Uroderma_bakeri_m
-6895290.42,476124.9519,Uroderma_bakeri_m
-6840290.42,476124.9519,Uroderma_bakeri_m
-6785290.42,476124.9519,Uroderma_bakeri_m
-6730290.42,476124.9519,Uroderma_bakeri_m
-6675290.42,476124.9519,Uroderma_bakeri_m
-6620290.42,476124.9519,Uroderma_bakeri_m
-6565290.42,476124.9519,Uroderma_bakeri_m
-6510290.42,476124.9519,Uroderma_bakeri_m
-6290290.42,476124.9519,Uroderma_bakeri_m
-7225290.42,421124.9519,Uroderma_bakeri_m
-7170290.42,421124.9519,Uroderma_bakeri_m
-7115290.42,421124.9519,Uroderma_bakeri_m
-7060290.42,421124.9519,Uroderma_bakeri_m
-7005290.42,421124.9519,Uroderma_bakeri_m
-6950290.42,421124.9519,Uroderma_bakeri_m
-6895290.42,421124.9519,Uroderma_bakeri_m
-6840290.42,421124.9519,Uroderma_bakeri_m
-6785290.42,421124.9519,Uroderma_bakeri_m
-6730290.42,421124.9519,Uroderma_bakeri_m
-6675290.42,421124.9519,Uroderma_bakeri_m
-6620290.42,421124.9519,Uroderma_bakeri_m
-6565290.42,421124.9519,Uroderma_bakeri_m
-6510290.42,421124.9519,Uroderma_bakeri_m
-6455290.42,421124.9519,Uroderma_bakeri_m
-6400290.42,421124.9519,Uroderma_bakeri_m
-6345290.42,421124.9519,Uroderma_bakeri_m
-6290290.42,421124.9519,Uroderma_bakeri_m
-7225290.42,366124.9519,Uroderma_bakeri_m
-7170290.42,366124.9519,Uroderma_bakeri_m
-7115290.42,366124.9519,Uroderma_bakeri_m
-7060290.42,366124.9519,Uroderma_bakeri_m
-7005290.42,366124.9519,Uroderma_bakeri_m
-6950290.42,366124.9519,Uroderma_bakeri_m
-6895290.42,366124.9519,Uroderma_bakeri_m
-6840290.42,366124.9519,Uroderma_bakeri_m
-6785290.42,366124.9519,Uroderma_bakeri_m
-6730290.42,366124.9519,Uroderma_bakeri_m
-6675290.42,366124.9519,Uroderma_bakeri_m
-6620290.42,366124.9519,Uroderma_bakeri_m
-6565290.42,366124.9519,Uroderma_bakeri_m
-6510290.42,366124.9519,Uroderma_bakeri_m
-6455290.42,366124.9519,Uroderma_bakeri_m
-6400290.42,366124.9519,Uroderma_bakeri_m
-6345290.42,366124.9519,Uroderma_bakeri_m
-6290290.42,366124.9519,Uroderma_bakeri_m
-6235290.42,366124.9519,Uroderma_bakeri_m
-7280290.42,311124.9519,Uroderma_bakeri_m
-7225290.42,311124.9519,Uroderma_bakeri_m
-7170290.42,311124.9519,Uroderma_bakeri_m
-7115290.42,311124.9519,Uroderma_bakeri_m
-7060290.42,311124.9519,Uroderma_bakeri_m
-7005290.42,311124.9519,Uroderma_bakeri_m
-6950290.42,311124.9519,Uroderma_bakeri_m
-6895290.42,311124.9519,Uroderma_bakeri_m
-6840290.42,311124.9519,Uroderma_bakeri_m
-6785290.42,311124.9519,Uroderma_bakeri_m
-6730290.42,311124.9519,Uroderma_bakeri_m
-6675290.42,311124.9519,Uroderma_bakeri_m
-6620290.42,311124.9519,Uroderma_bakeri_m
-6565290.42,311124.9519,Uroderma_bakeri_m
-6510290.42,311124.9519,Uroderma_bakeri_m
-6455290.42,311124.9519,Uroderma_bakeri_m
-6400290.42,311124.9519,Uroderma_bakeri_m
-6345290.42,311124.9519,Uroderma_bakeri_m
-6290290.42,311124.9519,Uroderma_bakeri_m
-6235290.42,311124.9519,Uroderma_bakeri_m
-6180290.42,311124.9519,Uroderma_bakeri_m
-7390290.42,256124.9519,Uroderma_bakeri_m
-7335290.42,256124.9519,Uroderma_bakeri_m
-7280290.42,256124.9519,Uroderma_bakeri_m
-7225290.42,256124.9519,Uroderma_bakeri_m
-7170290.42,256124.9519,Uroderma_bakeri_m
-7115290.42,256124.9519,Uroderma_bakeri_m
-7060290.42,256124.9519,Uroderma_bakeri_m
-7005290.42,256124.9519,Uroderma_bakeri_m
-6950290.42,256124.9519,Uroderma_bakeri_m
-6895290.42,256124.9519,Uroderma_bakeri_m
-6840290.42,256124.9519,Uroderma_bakeri_m
-6785290.42,256124.9519,Uroderma_bakeri_m
-6730290.42,256124.9519,Uroderma_bakeri_m
-6510290.42,256124.9519,Uroderma_bakeri_m
-6455290.42,256124.9519,Uroderma_bakeri_m
-6400290.42,256124.9519,Uroderma_bakeri_m
-6345290.42,256124.9519,Uroderma_bakeri_m
-6290290.42,256124.9519,Uroderma_bakeri_m
-6235290.42,256124.9519,Uroderma_bakeri_m
-6180290.42,256124.9519,Uroderma_bakeri_m
-7445290.42,201124.9519,Uroderma_bakeri_m
-7390290.42,201124.9519,Uroderma_bakeri_m
-7335290.42,201124.9519,Uroderma_bakeri_m
-7280290.42,201124.9519,Uroderma_bakeri_m
-7225290.42,201124.9519,Uroderma_bakeri_m
-7170290.42,201124.9519,Uroderma_bakeri_m
-7115290.42,201124.9519,Uroderma_bakeri_m
-7060290.42,201124.9519,Uroderma_bakeri_m
-7005290.42,201124.9519,Uroderma_bakeri_m
-6950290.42,201124.9519,Uroderma_bakeri_m
-6895290.42,201124.9519,Uroderma_bakeri_m
-6840290.42,201124.9519,Uroderma_bakeri_m
-6785290.42,201124.9519,Uroderma_bakeri_m
-6730290.42,201124.9519,Uroderma_bakeri_m
-6455290.42,201124.9519,Uroderma_bakeri_m
-6400290.42,201124.9519,Uroderma_bakeri_m
-6345290.42,201124.9519,Uroderma_bakeri_m
-6290290.42,201124.9519,Uroderma_bakeri_m
-7445290.42,146124.9519,Uroderma_bakeri_m
-7390290.42,146124.9519,Uroderma_bakeri_m
-7335290.42,146124.9519,Uroderma_bakeri_m
-7280290.42,146124.9519,Uroderma_bakeri_m
-7225290.42,146124.9519,Uroderma_bakeri_m
-7170290.42,146124.9519,Uroderma_bakeri_m
-7115290.42,146124.9519,Uroderma_bakeri_m
-7060290.42,146124.9519,Uroderma_bakeri_m
-7005290.42,146124.9519,Uroderma_bakeri_m
-6950290.42,146124.9519,Uroderma_bakeri_m
-6895290.42,146124.9519,Uroderma_bakeri_m
-6840290.42,146124.9519,Uroderma_bakeri_m
-6785290.42,146124.9519,Uroderma_bakeri_m
-6455290.42,146124.9519,Uroderma_bakeri_m
-6400290.42,146124.9519,Uroderma_bakeri_m
-6345290.42,146124.9519,Uroderma_bakeri_m
-7500290.42,91124.95193,Uroderma_bakeri_m
-7445290.42,91124.95193,Uroderma_bakeri_m
-7390290.42,91124.95193,Uroderma_bakeri_m
-7335290.42,91124.95193,Uroderma_bakeri_m
-7280290.42,91124.95193,Uroderma_bakeri_m
-7225290.42,91124.95193,Uroderma_bakeri_m
-7170290.42,91124.95193,Uroderma_bakeri_m
-7115290.42,91124.95193,Uroderma_bakeri_m
-7060290.42,91124.95193,Uroderma_bakeri_m
-7005290.42,91124.95193,Uroderma_bakeri_m
-6950290.42,91124.95193,Uroderma_bakeri_m
-6895290.42,91124.95193,Uroderma_bakeri_m
-6840290.42,91124.95193,Uroderma_bakeri_m
-6785290.42,91124.95193,Uroderma_bakeri_m
-6730290.42,91124.95193,Uroderma_bakeri_m
-6510290.42,91124.95193,Uroderma_bakeri_m
-6455290.42,91124.95193,Uroderma_bakeri_m
-6400290.42,91124.95193,Uroderma_bakeri_m
-6345290.42,91124.95193,Uroderma_bakeri_m
-6180290.42,91124.95193,Uroderma_bakeri_m
-6070290.42,91124.95193,Uroderma_bakeri_m
-7500290.42,36124.95193,Uroderma_bakeri_m
-7445290.42,36124.95193,Uroderma_bakeri_m
-7390290.42,36124.95193,Uroderma_bakeri_m
-7335290.42,36124.95193,Uroderma_bakeri_m
-7280290.42,36124.95193,Uroderma_bakeri_m
-7225290.42,36124.95193,Uroderma_bakeri_m
-7170290.42,36124.95193,Uroderma_bakeri_m
-7115290.42,36124.95193,Uroderma_bakeri_m
-7060290.42,36124.95193,Uroderma_bakeri_m
-7005290.42,36124.95193,Uroderma_bakeri_m
-6950290.42,36124.95193,Uroderma_bakeri_m
-6895290.42,36124.95193,Uroderma_bakeri_m
-6840290.42,36124.95193,Uroderma_bakeri_m
-6785290.42,36124.95193,Uroderma_bakeri_m
-6730290.42,36124.95193,Uroderma_bakeri_m
-6675290.42,36124.95193,Uroderma_bakeri_m
-6510290.42,36124.95193,Uroderma_bakeri_m
-6455290.42,36124.95193,Uroderma_bakeri_m
-6400290.42,36124.95193,Uroderma_bakeri_m
-6345290.42,36124.95193,Uroderma_bakeri_m
-6290290.42,36124.95193,Uroderma_bakeri_m
-6235290.42,36124.95193,Uroderma_bakeri_m
-6180290.42,36124.95193,Uroderma_bakeri_m
-6125290.42,36124.95193,Uroderma_bakeri_m
-6070290.42,36124.95193,Uroderma_bakeri_m
-6015290.42,36124.95193,Uroderma_bakeri_m
-5960290.42,36124.95193,Uroderma_bakeri_m
-7555290.42,-18875.04807,Uroderma_bakeri_m
-7500290.42,-18875.04807,Uroderma_bakeri_m
-7445290.42,-18875.04807,Uroderma_bakeri_m
-7390290.42,-18875.04807,Uroderma_bakeri_m
-7335290.42,-18875.04807,Uroderma_bakeri_m
-7280290.42,-18875.04807,Uroderma_bakeri_m
-7225290.42,-18875.04807,Uroderma_bakeri_m
-7170290.42,-18875.04807,Uroderma_bakeri_m
-7115290.42,-18875.04807,Uroderma_bakeri_m
-7060290.42,-18875.04807,Uroderma_bakeri_m
-7005290.42,-18875.04807,Uroderma_bakeri_m
-6950290.42,-18875.04807,Uroderma_bakeri_m
-6895290.42,-18875.04807,Uroderma_bakeri_m
-6840290.42,-18875.04807,Uroderma_bakeri_m
-6785290.42,-18875.04807,Uroderma_bakeri_m
-6730290.42,-18875.04807,Uroderma_bakeri_m
-6675290.42,-18875.04807,Uroderma_bakeri_m
-6510290.42,-18875.04807,Uroderma_bakeri_m
-6455290.42,-18875.04807,Uroderma_bakeri_m
-6400290.42,-18875.04807,Uroderma_bakeri_m
-6345290.42,-18875.04807,Uroderma_bakeri_m
-6290290.42,-18875.04807,Uroderma_bakeri_m
-6235290.42,-18875.04807,Uroderma_bakeri_m
-6180290.42,-18875.04807,Uroderma_bakeri_m
-6125290.42,-18875.04807,Uroderma_bakeri_m
-6070290.42,-18875.04807,Uroderma_bakeri_m
-6015290.42,-18875.04807,Uroderma_bakeri_m
-5960290.42,-18875.04807,Uroderma_bakeri_m
-7610290.42,-73875.04807,Uroderma_bakeri_m
-7555290.42,-73875.04807,Uroderma_bakeri_m
-7500290.42,-73875.04807,Uroderma_bakeri_m
-7445290.42,-73875.04807,Uroderma_bakeri_m
-7390290.42,-73875.04807,Uroderma_bakeri_m
-7335290.42,-73875.04807,Uroderma_bakeri_m
-7280290.42,-73875.04807,Uroderma_bakeri_m
-7225290.42,-73875.04807,Uroderma_bakeri_m
-7170290.42,-73875.04807,Uroderma_bakeri_m
-7115290.42,-73875.04807,Uroderma_bakeri_m
-7060290.42,-73875.04807,Uroderma_bakeri_m
-7005290.42,-73875.04807,Uroderma_bakeri_m
-6950290.42,-73875.04807,Uroderma_bakeri_m
-6895290.42,-73875.04807,Uroderma_bakeri_m
-6840290.42,-73875.04807,Uroderma_bakeri_m
-6785290.42,-73875.04807,Uroderma_bakeri_m
-6730290.42,-73875.04807,Uroderma_bakeri_m
-6675290.42,-73875.04807,Uroderma_bakeri_m
-6400290.42,-73875.04807,Uroderma_bakeri_m
-6290290.42,-73875.04807,Uroderma_bakeri_m
-6235290.42,-73875.04807,Uroderma_bakeri_m
-6180290.42,-73875.04807,Uroderma_bakeri_m
-6125290.42,-73875.04807,Uroderma_bakeri_m
-6070290.42,-73875.04807,Uroderma_bakeri_m
-6015290.42,-73875.04807,Uroderma_bakeri_m
-5960290.42,-73875.04807,Uroderma_bakeri_m
-7610290.42,-128875.0481,Uroderma_bakeri_m
-7555290.42,-128875.0481,Uroderma_bakeri_m
-7500290.42,-128875.0481,Uroderma_bakeri_m
-7445290.42,-128875.0481,Uroderma_bakeri_m
-7390290.42,-128875.0481,Uroderma_bakeri_m
-7335290.42,-128875.0481,Uroderma_bakeri_m
-7280290.42,-128875.0481,Uroderma_bakeri_m
-7225290.42,-128875.0481,Uroderma_bakeri_m
-7170290.42,-128875.0481,Uroderma_bakeri_m
-6950290.42,-128875.0481,Uroderma_bakeri_m
-6895290.42,-128875.0481,Uroderma_bakeri_m
-6840290.42,-128875.0481,Uroderma_bakeri_m
-6785290.42,-128875.0481,Uroderma_bakeri_m
-6730290.42,-128875.0481,Uroderma_bakeri_m
-6675290.42,-128875.0481,Uroderma_bakeri_m
-6015290.42,-128875.0481,Uroderma_bakeri_m
-5960290.42,-128875.0481,Uroderma_bakeri_m
-7610290.42,-183875.0481,Uroderma_bakeri_m
-7555290.42,-183875.0481,Uroderma_bakeri_m
-7500290.42,-183875.0481,Uroderma_bakeri_m
-7445290.42,-183875.0481,Uroderma_bakeri_m
-7390290.42,-183875.0481,Uroderma_bakeri_m
-7335290.42,-183875.0481,Uroderma_bakeri_m
-7280290.42,-183875.0481,Uroderma_bakeri_m
-7225290.42,-183875.0481,Uroderma_bakeri_m
-7170290.42,-183875.0481,Uroderma_bakeri_m
-6840290.42,-183875.0481,Uroderma_bakeri_m
-6785290.42,-183875.0481,Uroderma_bakeri_m
-6730290.42,-183875.0481,Uroderma_bakeri_m
-6675290.42,-183875.0481,Uroderma_bakeri_m
-7610290.42,-238875.0481,Uroderma_bakeri_m
-7555290.42,-238875.0481,Uroderma_bakeri_m
-7500290.42,-238875.0481,Uroderma_bakeri_m
-7445290.42,-238875.0481,Uroderma_bakeri_m
-7390290.42,-238875.0481,Uroderma_bakeri_m
-7335290.42,-238875.0481,Uroderma_bakeri_m
-7280290.42,-238875.0481,Uroderma_bakeri_m
-7225290.42,-238875.0481,Uroderma_bakeri_m
-7170290.42,-238875.0481,Uroderma_bakeri_m
-7610290.42,-293875.0481,Uroderma_bakeri_m
-7555290.42,-293875.0481,Uroderma_bakeri_m
-7500290.42,-293875.0481,Uroderma_bakeri_m
-7445290.42,-293875.0481,Uroderma_bakeri_m
-7390290.42,-293875.0481,Uroderma_bakeri_m
-7335290.42,-293875.0481,Uroderma_bakeri_m
-7280290.42,-293875.0481,Uroderma_bakeri_m
-7225290.42,-293875.0481,Uroderma_bakeri_m
-7170290.42,-293875.0481,Uroderma_bakeri_m
-7115290.42,-293875.0481,Uroderma_bakeri_m
-7665290.42,-348875.0481,Uroderma_bakeri_m
-7610290.42,-348875.0481,Uroderma_bakeri_m
-7555290.42,-348875.0481,Uroderma_bakeri_m
-7500290.42,-348875.0481,Uroderma_bakeri_m
-7445290.42,-348875.0481,Uroderma_bakeri_m
-7390290.42,-348875.0481,Uroderma_bakeri_m
-7335290.42,-348875.0481,Uroderma_bakeri_m
-7280290.42,-348875.0481,Uroderma_bakeri_m
-7225290.42,-348875.0481,Uroderma_bakeri_m
-7170290.42,-348875.0481,Uroderma_bakeri_m
-7115290.42,-348875.0481,Uroderma_bakeri_m
-7060290.42,-348875.0481,Uroderma_bakeri_m
-7720290.42,-403875.0481,Uroderma_bakeri_m
-7665290.42,-403875.0481,Uroderma_bakeri_m
-7610290.42,-403875.0481,Uroderma_bakeri_m
-7555290.42,-403875.0481,Uroderma_bakeri_m
-7500290.42,-403875.0481,Uroderma_bakeri_m
-7445290.42,-403875.0481,Uroderma_bakeri_m
-7390290.42,-403875.0481,Uroderma_bakeri_m
-7335290.42,-403875.0481,Uroderma_bakeri_m
-7280290.42,-403875.0481,Uroderma_bakeri_m
-7225290.42,-403875.0481,Uroderma_bakeri_m
-7170290.42,-403875.0481,Uroderma_bakeri_m
-7115290.42,-403875.0481,Uroderma_bakeri_m
-7060290.42,-403875.0481,Uroderma_bakeri_m
-7775290.42,-458875.0481,Uroderma_bakeri_m
-7720290.42,-458875.0481,Uroderma_bakeri_m
-7665290.42,-458875.0481,Uroderma_bakeri_m
-7610290.42,-458875.0481,Uroderma_bakeri_m
-7555290.42,-458875.0481,Uroderma_bakeri_m
-7500290.42,-458875.0481,Uroderma_bakeri_m
-7445290.42,-458875.0481,Uroderma_bakeri_m
-7390290.42,-458875.0481,Uroderma_bakeri_m
-7335290.42,-458875.0481,Uroderma_bakeri_m
-7280290.42,-458875.0481,Uroderma_bakeri_m
-7225290.42,-458875.0481,Uroderma_bakeri_m
-7170290.42,-458875.0481,Uroderma_bakeri_m
-7115290.42,-458875.0481,Uroderma_bakeri_m
-7060290.42,-458875.0481,Uroderma_bakeri_m
-7775290.42,-513875.0481,Uroderma_bakeri_m
-7720290.42,-513875.0481,Uroderma_bakeri_m
-7665290.42,-513875.0481,Uroderma_bakeri_m
-7610290.42,-513875.0481,Uroderma_bakeri_m
-7555290.42,-513875.0481,Uroderma_bakeri_m
-7500290.42,-513875.0481,Uroderma_bakeri_m
-7445290.42,-513875.0481,Uroderma_bakeri_m
-7390290.42,-513875.0481,Uroderma_bakeri_m
-7335290.42,-513875.0481,Uroderma_bakeri_m
-7280290.42,-513875.0481,Uroderma_bakeri_m
-7225290.42,-513875.0481,Uroderma_bakeri_m
-7170290.42,-513875.0481,Uroderma_bakeri_m
-7115290.42,-513875.0481,Uroderma_bakeri_m
-7060290.42,-513875.0481,Uroderma_bakeri_m
-7775290.42,-568875.0481,Uroderma_bakeri_m
-7720290.42,-568875.0481,Uroderma_bakeri_m
-7665290.42,-568875.0481,Uroderma_bakeri_m
-7610290.42,-568875.0481,Uroderma_bakeri_m
-7555290.42,-568875.0481,Uroderma_bakeri_m
-7500290.42,-568875.0481,Uroderma_bakeri_m
-7445290.42,-568875.0481,Uroderma_bakeri_m
-7390290.42,-568875.0481,Uroderma_bakeri_m
-7335290.42,-568875.0481,Uroderma_bakeri_m
-7280290.42,-568875.0481,Uroderma_bakeri_m
-7225290.42,-568875.0481,Uroderma_bakeri_m
-7170290.42,-568875.0481,Uroderma_bakeri_m
-7115290.42,-568875.0481,Uroderma_bakeri_m
-7720290.42,-623875.0481,Uroderma_bakeri_m
-7665290.42,-623875.0481,Uroderma_bakeri_m
-7610290.42,-623875.0481,Uroderma_bakeri_m
-7555290.42,-623875.0481,Uroderma_bakeri_m
-7445290.42,-623875.0481,Uroderma_bakeri_m
-7390290.42,-623875.0481,Uroderma_bakeri_m
-7335290.42,-623875.0481,Uroderma_bakeri_m
-7280290.42,-623875.0481,Uroderma_bakeri_m
-7225290.42,-623875.0481,Uroderma_bakeri_m
-7720290.42,-678875.0481,Uroderma_bakeri_m
-7665290.42,-678875.0481,Uroderma_bakeri_m
-7610290.42,-678875.0481,Uroderma_bakeri_m
-7555290.42,-678875.0481,Uroderma_bakeri_m
-7665290.42,-733875.0481,Uroderma_bakeri_m
-7610290.42,-733875.0481,Uroderma_bakeri_m
-7555290.42,-733875.0481,Uroderma_bakeri_m
-7665290.42,-788875.0481,Uroderma_bakeri_m
-7610290.42,-788875.0481,Uroderma_bakeri_m
