lon,lat,sp
-8435290.42,2676124.952,Uroderma_convexum_m
-8380290.42,2676124.952,Uroderma_convexum_m
-8490290.42,2621124.952,Uroderma_convexum_m
-8435290.42,2621124.952,Uroderma_convexum_m
-8380290.42,2621124.952,Uroderma_convexum_m
-8490290.42,2566124.952,Uroderma_convexum_m
-8435290.42,2566124.952,Uroderma_convexum_m
-8380290.42,2566124.952,Uroderma_convexum_m
-8600290.42,2511124.952,Uroderma_convexum_m
-8545290.42,2511124.952,Uroderma_convexum_m
-8490290.42,2511124.952,Uroderma_convexum_m
-8435290.42,2511124.952,Uroderma_convexum_m
-8710290.42,2456124.952,Uroderma_convexum_m
-8600290.42,2456124.952,Uroderma_convexum_m
-8545290.42,2456124.952,Uroderma_convexum_m
-8490290.42,2456124.952,Uroderma_convexum_m
-8435290.42,2456124.952,Uroderma_convexum_m
-9370290.42,2401124.952,Uroderma_convexum_m
-9315290.42,2401124.952,Uroderma_convexum_m
-9260290.42,2401124.952,Uroderma_convexum_m
-8820290.42,2401124.952,Uroderma_convexum_m
-8765290.42,2401124.952,Uroderma_convexum_m
-8710290.42,2401124.952,Uroderma_convexum_m
-8655290.42,2401124.952,Uroderma_convexum_m
-8600290.42,2401124.952,Uroderma_convexum_m
-8545290.42,2401124.952,Uroderma_convexum_m
-8490290.42,2401124.952,Uroderma_convexum_m
-9370290.42,2346124.952,Uroderma_convexum_m
-9315290.42,2346124.952,Uroderma_convexum_m
-9260290.42,2346124.952,Uroderma_convexum_m
-9205290.42,2346124.952,Uroderma_convexum_m
-8820290.42,2346124.952,Uroderma_convexum_m
-8765290.42,2346124.952,Uroderma_convexum_m
-8710290.42,2346124.952,Uroderma_convexum_m
-8655290.42,2346124.952,Uroderma_convexum_m
-8600290.42,2346124.952,Uroderma_convexum_m
-8545290.42,2346124.952,Uroderma_convexum_m
-8490290.42,2346124.952,Uroderma_convexum_m
-9370290.42,2291124.952,Uroderma_convexum_m
-9315290.42,2291124.952,Uroderma_convexum_m
-9260290.42,2291124.952,Uroderma_convexum_m
-9205290.42,2291124.952,Uroderma_convexum_m
-9150290.42,2291124.952,Uroderma_convexum_m
-9095290.42,2291124.952,Uroderma_convexum_m
-9040290.42,2291124.952,Uroderma_convexum_m
-8985290.42,2291124.952,Uroderma_convexum_m
-8875290.42,2291124.952,Uroderma_convexum_m
-8820290.42,2291124.952,Uroderma_convexum_m
-8765290.42,2291124.952,Uroderma_convexum_m
-8710290.42,2291124.952,Uroderma_convexum_m
-8655290.42,2291124.952,Uroderma_convexum_m
-8600290.42,2291124.952,Uroderma_convexum_m
-8545290.42,2291124.952,Uroderma_convexum_m
-8490290.42,2291124.952,Uroderma_convexum_m
-9315290.42,2236124.952,Uroderma_convexum_m
-9260290.42,2236124.952,Uroderma_convexum_m
-9205290.42,2236124.952,Uroderma_convexum_m
-9150290.42,2236124.952,Uroderma_convexum_m
-9095290.42,2236124.952,Uroderma_convexum_m
-9040290.42,2236124.952,Uroderma_convexum_m
-8985290.42,2236124.952,Uroderma_convexum_m
-8930290.42,2236124.952,Uroderma_convexum_m
-8875290.42,2236124.952,Uroderma_convexum_m
-8820290.42,2236124.952,Uroderma_convexum_m
-8765290.42,2236124.952,Uroderma_convexum_m
-8710290.42,2236124.952,Uroderma_convexum_m
-8655290.42,2236124.952,Uroderma_convexum_m
-8600290.42,2236124.952,Uroderma_convexum_m
-8545290.42,2236124.952,Uroderma_convexum_m
-8490290.42,2236124.952,Uroderma_convexum_m
-9260290.42,2181124.952,Uroderma_convexum_m
-9205290.42,2181124.952,Uroderma_convexum_m
-9150290.42,2181124.952,Uroderma_convexum_m
-9095290.42,2181124.952,Uroderma_convexum_m
-9040290.42,2181124.952,Uroderma_convexum_m
-8985290.42,2181124.952,Uroderma_convexum_m
-8930290.42,2181124.952,Uroderma_convexum_m
-8875290.42,2181124.952,Uroderma_convexum_m
-8820290.42,2181124.952,Uroderma_convexum_m
-8765290.42,2181124.952,Uroderma_convexum_m
-8710290.42,2181124.952,Uroderma_convexum_m
-8655290.42,2181124.952,Uroderma_convexum_m
-8600290.42,2181124.952,Uroderma_convexum_m
-8545290.42,2181124.952,Uroderma_convexum_m
-8490290.42,2181124.952,Uroderma_convexum_m
-9205290.42,2126124.952,Uroderma_convexum_m
-9150290.42,2126124.952,Uroderma_convexum_m
-9095290.42,2126124.952,Uroderma_convexum_m
-9040290.42,2126124.952,Uroderma_convexum_m
-8985290.42,2126124.952,Uroderma_convexum_m
-8930290.42,2126124.952,Uroderma_convexum_m
-8875290.42,2126124.952,Uroderma_convexum_m
-8820290.42,2126124.952,Uroderma_convexum_m
-8765290.42,2126124.952,Uroderma_convexum_m
-8710290.42,2126124.952,Uroderma_convexum_m
-8655290.42,2126124.952,Uroderma_convexum_m
-8600290.42,2126124.952,Uroderma_convexum_m
-8545290.42,2126124.952,Uroderma_convexum_m
-8490290.42,2126124.952,Uroderma_convexum_m
-9040290.42,2071124.952,Uroderma_convexum_m
-8985290.42,2071124.952,Uroderma_convexum_m
-8930290.42,2071124.952,Uroderma_convexum_m
-8875290.42,2071124.952,Uroderma_convexum_m
-8820290.42,2071124.952,Uroderma_convexum_m
-8765290.42,2071124.952,Uroderma_convexum_m
-8710290.42,2071124.952,Uroderma_convexum_m
-8655290.42,2071124.952,Uroderma_convexum_m
-8600290.42,2071124.952,Uroderma_convexum_m
-8545290.42,2071124.952,Uroderma_convexum_m
-9040290.42,2016124.952,Uroderma_convexum_m
-8985290.42,2016124.952,Uroderma_convexum_m
-8930290.42,2016124.952,Uroderma_convexum_m
-8875290.42,2016124.952,Uroderma_convexum_m
-8820290.42,2016124.952,Uroderma_convexum_m
-8765290.42,2016124.952,Uroderma_convexum_m
-8710290.42,2016124.952,Uroderma_convexum_m
-8655290.42,2016124.952,Uroderma_convexum_m
-8600290.42,2016124.952,Uroderma_convexum_m
-8545290.42,2016124.952,Uroderma_convexum_m
-8490290.42,2016124.952,Uroderma_convexum_m
-8435290.42,2016124.952,Uroderma_convexum_m
-8380290.42,2016124.952,Uroderma_convexum_m
-8325290.42,2016124.952,Uroderma_convexum_m
-8270290.42,2016124.952,Uroderma_convexum_m
-8215290.42,2016124.952,Uroderma_convexum_m
-8160290.42,2016124.952,Uroderma_convexum_m
-8105290.42,2016124.952,Uroderma_convexum_m
-9040290.42,1961124.952,Uroderma_convexum_m
-8985290.42,1961124.952,Uroderma_convexum_m
-8930290.42,1961124.952,Uroderma_convexum_m
-8875290.42,1961124.952,Uroderma_convexum_m
-8820290.42,1961124.952,Uroderma_convexum_m
-8765290.42,1961124.952,Uroderma_convexum_m
-8710290.42,1961124.952,Uroderma_convexum_m
-8655290.42,1961124.952,Uroderma_convexum_m
-8600290.42,1961124.952,Uroderma_convexum_m
-8545290.42,1961124.952,Uroderma_convexum_m
-8490290.42,1961124.952,Uroderma_convexum_m
-8435290.42,1961124.952,Uroderma_convexum_m
-8380290.42,1961124.952,Uroderma_convexum_m
-8325290.42,1961124.952,Uroderma_convexum_m
-8270290.42,1961124.952,Uroderma_convexum_m
-8215290.42,1961124.952,Uroderma_convexum_m
-8160290.42,1961124.952,Uroderma_convexum_m
-8105290.42,1961124.952,Uroderma_convexum_m
-8050290.42,1961124.952,Uroderma_convexum_m
-8985290.42,1906124.952,Uroderma_convexum_m
-8930290.42,1906124.952,Uroderma_convexum_m
-8875290.42,1906124.952,Uroderma_convexum_m
-8820290.42,1906124.952,Uroderma_convexum_m
-8765290.42,1906124.952,Uroderma_convexum_m
-8710290.42,1906124.952,Uroderma_convexum_m
-8655290.42,1906124.952,Uroderma_convexum_m
-8600290.42,1906124.952,Uroderma_convexum_m
-8545290.42,1906124.952,Uroderma_convexum_m
-8490290.42,1906124.952,Uroderma_convexum_m
-8435290.42,1906124.952,Uroderma_convexum_m
-8380290.42,1906124.952,Uroderma_convexum_m
-8325290.42,1906124.952,Uroderma_convexum_m
-8270290.42,1906124.952,Uroderma_convexum_m
-8215290.42,1906124.952,Uroderma_convexum_m
-8160290.42,1906124.952,Uroderma_convexum_m
-8105290.42,1906124.952,Uroderma_convexum_m
-8050290.42,1906124.952,Uroderma_convexum_m
-8930290.42,1851124.952,Uroderma_convexum_m
-8875290.42,1851124.952,Uroderma_convexum_m
-8820290.42,1851124.952,Uroderma_convexum_m
-8765290.42,1851124.952,Uroderma_convexum_m
-8710290.42,1851124.952,Uroderma_convexum_m
-8655290.42,1851124.952,Uroderma_convexum_m
-8600290.42,1851124.952,Uroderma_convexum_m
-8545290.42,1851124.952,Uroderma_convexum_m
-8490290.42,1851124.952,Uroderma_convexum_m
-8435290.42,1851124.952,Uroderma_convexum_m
-8380290.42,1851124.952,Uroderma_convexum_m
-8325290.42,1851124.952,Uroderma_convexum_m
-8270290.42,1851124.952,Uroderma_convexum_m
-8215290.42,1851124.952,Uroderma_convexum_m
-8160290.42,1851124.952,Uroderma_convexum_m
-8105290.42,1851124.952,Uroderma_convexum_m
-8050290.42,1851124.952,Uroderma_convexum_m
-8875290.42,1796124.952,Uroderma_convexum_m
-8820290.42,1796124.952,Uroderma_convexum_m
-8765290.42,1796124.952,Uroderma_convexum_m
-8710290.42,1796124.952,Uroderma_convexum_m
-8655290.42,1796124.952,Uroderma_convexum_m
-8600290.42,1796124.952,Uroderma_convexum_m
-8545290.42,1796124.952,Uroderma_convexum_m
-8490290.42,1796124.952,Uroderma_convexum_m
-8435290.42,1796124.952,Uroderma_convexum_m
-8380290.42,1796124.952,Uroderma_convexum_m
-8325290.42,1796124.952,Uroderma_convexum_m
-8270290.42,1796124.952,Uroderma_convexum_m
-8215290.42,1796124.952,Uroderma_convexum_m
-8160290.42,1796124.952,Uroderma_convexum_m
-8105290.42,1796124.952,Uroderma_convexum_m
-8050290.42,1796124.952,Uroderma_convexum_m
-8820290.42,1741124.952,Uroderma_convexum_m
-8765290.42,1741124.952,Uroderma_convexum_m
-8710290.42,1741124.952,Uroderma_convexum_m
-8655290.42,1741124.952,Uroderma_convexum_m
-8600290.42,1741124.952,Uroderma_convexum_m
-8545290.42,1741124.952,Uroderma_convexum_m
-8490290.42,1741124.952,Uroderma_convexum_m
-8435290.42,1741124.952,Uroderma_convexum_m
-8380290.42,1741124.952,Uroderma_convexum_m
-8325290.42,1741124.952,Uroderma_convexum_m
-8270290.42,1741124.952,Uroderma_convexum_m
-8215290.42,1741124.952,Uroderma_convexum_m
-8160290.42,1741124.952,Uroderma_convexum_m
-8105290.42,1741124.952,Uroderma_convexum_m
-8050290.42,1741124.952,Uroderma_convexum_m
-8655290.42,1686124.952,Uroderma_convexum_m
-8600290.42,1686124.952,Uroderma_convexum_m
-8545290.42,1686124.952,Uroderma_convexum_m
-8490290.42,1686124.952,Uroderma_convexum_m
-8435290.42,1686124.952,Uroderma_convexum_m
-8380290.42,1686124.952,Uroderma_convexum_m
-8325290.42,1686124.952,Uroderma_convexum_m
-8270290.42,1686124.952,Uroderma_convexum_m
-8215290.42,1686124.952,Uroderma_convexum_m
-8160290.42,1686124.952,Uroderma_convexum_m
-8105290.42,1686124.952,Uroderma_convexum_m
-8050290.42,1686124.952,Uroderma_convexum_m
-8435290.42,1631124.952,Uroderma_convexum_m
-8380290.42,1631124.952,Uroderma_convexum_m
-8325290.42,1631124.952,Uroderma_convexum_m
-8270290.42,1631124.952,Uroderma_convexum_m
-8215290.42,1631124.952,Uroderma_convexum_m
-8160290.42,1631124.952,Uroderma_convexum_m
-8105290.42,1631124.952,Uroderma_convexum_m
-8050290.42,1631124.952,Uroderma_convexum_m
-8435290.42,1576124.952,Uroderma_convexum_m
-8380290.42,1576124.952,Uroderma_convexum_m
-8325290.42,1576124.952,Uroderma_convexum_m
-8270290.42,1576124.952,Uroderma_convexum_m
-8215290.42,1576124.952,Uroderma_convexum_m
-8160290.42,1576124.952,Uroderma_convexum_m
-8105290.42,1576124.952,Uroderma_convexum_m
-8050290.42,1576124.952,Uroderma_convexum_m
-8380290.42,1521124.952,Uroderma_convexum_m
-8325290.42,1521124.952,Uroderma_convexum_m
-8270290.42,1521124.952,Uroderma_convexum_m
-8215290.42,1521124.952,Uroderma_convexum_m
-8160290.42,1521124.952,Uroderma_convexum_m
-8105290.42,1521124.952,Uroderma_convexum_m
-8050290.42,1521124.952,Uroderma_convexum_m
-8325290.42,1466124.952,Uroderma_convexum_m
-8270290.42,1466124.952,Uroderma_convexum_m
-8215290.42,1466124.952,Uroderma_convexum_m
-8160290.42,1466124.952,Uroderma_convexum_m
-8105290.42,1466124.952,Uroderma_convexum_m
-8050290.42,1466124.952,Uroderma_convexum_m
-8325290.42,1411124.952,Uroderma_convexum_m
-8270290.42,1411124.952,Uroderma_convexum_m
-8215290.42,1411124.952,Uroderma_convexum_m
-8160290.42,1411124.952,Uroderma_convexum_m
-8105290.42,1411124.952,Uroderma_convexum_m
-8050290.42,1411124.952,Uroderma_convexum_m
-8270290.42,1356124.952,Uroderma_convexum_m
-8215290.42,1356124.952,Uroderma_convexum_m
-8160290.42,1356124.952,Uroderma_convexum_m
-8105290.42,1356124.952,Uroderma_convexum_m
-8050290.42,1356124.952,Uroderma_convexum_m
-8270290.42,1301124.952,Uroderma_convexum_m
-8215290.42,1301124.952,Uroderma_convexum_m
-8160290.42,1301124.952,Uroderma_convexum_m
-8105290.42,1301124.952,Uroderma_convexum_m
-8050290.42,1301124.952,Uroderma_convexum_m
-7995290.42,1301124.952,Uroderma_convexum_m
-7280290.42,1301124.952,Uroderma_convexum_m
-7225290.42,1301124.952,Uroderma_convexum_m
-8270290.42,1246124.952,Uroderma_convexum_m
-8215290.42,1246124.952,Uroderma_convexum_m
-8160290.42,1246124.952,Uroderma_convexum_m
-8105290.42,1246124.952,Uroderma_convexum_m
-8050290.42,1246124.952,Uroderma_convexum_m
-7995290.42,1246124.952,Uroderma_convexum_m
-7665290.42,1246124.952,Uroderma_convexum_m
-7280290.42,1246124.952,Uroderma_convexum_m
-7225290.42,1246124.952,Uroderma_convexum_m
-7170290.42,1246124.952,Uroderma_convexum_m
-8215290.42,1191124.952,Uroderma_convexum_m
-8160290.42,1191124.952,Uroderma_convexum_m
-8105290.42,1191124.952,Uroderma_convexum_m
-8050290.42,1191124.952,Uroderma_convexum_m
-7995290.42,1191124.952,Uroderma_convexum_m
-7940290.42,1191124.952,Uroderma_convexum_m
-7885290.42,1191124.952,Uroderma_convexum_m
-7775290.42,1191124.952,Uroderma_convexum_m
-7720290.42,1191124.952,Uroderma_convexum_m
-7665290.42,1191124.952,Uroderma_convexum_m
-7610290.42,1191124.952,Uroderma_convexum_m
-7555290.42,1191124.952,Uroderma_convexum_m
-7500290.42,1191124.952,Uroderma_convexum_m
-7335290.42,1191124.952,Uroderma_convexum_m
-7280290.42,1191124.952,Uroderma_convexum_m
-7225290.42,1191124.952,Uroderma_convexum_m
-7170290.42,1191124.952,Uroderma_convexum_m
-7115290.42,1191124.952,Uroderma_convexum_m
-8105290.42,1136124.952,Uroderma_convexum_m
-8050290.42,1136124.952,Uroderma_convexum_m
-7995290.42,1136124.952,Uroderma_convexum_m
-7940290.42,1136124.952,Uroderma_convexum_m
-7885290.42,1136124.952,Uroderma_convexum_m
-7830290.42,1136124.952,Uroderma_convexum_m
-7775290.42,1136124.952,Uroderma_convexum_m
-7720290.42,1136124.952,Uroderma_convexum_m
-7665290.42,1136124.952,Uroderma_convexum_m
-7610290.42,1136124.952,Uroderma_convexum_m
-7555290.42,1136124.952,Uroderma_convexum_m
-7500290.42,1136124.952,Uroderma_convexum_m
-7390290.42,1136124.952,Uroderma_convexum_m
-7335290.42,1136124.952,Uroderma_convexum_m
-7280290.42,1136124.952,Uroderma_convexum_m
-7225290.42,1136124.952,Uroderma_convexum_m
-7170290.42,1136124.952,Uroderma_convexum_m
-7115290.42,1136124.952,Uroderma_convexum_m
-8105290.42,1081124.952,Uroderma_convexum_m
-8050290.42,1081124.952,Uroderma_convexum_m
-7995290.42,1081124.952,Uroderma_convexum_m
-7940290.42,1081124.952,Uroderma_convexum_m
-7885290.42,1081124.952,Uroderma_convexum_m
-7830290.42,1081124.952,Uroderma_convexum_m
-7775290.42,1081124.952,Uroderma_convexum_m
-7720290.42,1081124.952,Uroderma_convexum_m
-7665290.42,1081124.952,Uroderma_convexum_m
-7610290.42,1081124.952,Uroderma_convexum_m
-7555290.42,1081124.952,Uroderma_convexum_m
-7500290.42,1081124.952,Uroderma_convexum_m
-7445290.42,1081124.952,Uroderma_convexum_m
-7390290.42,1081124.952,Uroderma_convexum_m
-7335290.42,1081124.952,Uroderma_convexum_m
-7280290.42,1081124.952,Uroderma_convexum_m
-7225290.42,1081124.952,Uroderma_convexum_m
-7170290.42,1081124.952,Uroderma_convexum_m
-7115290.42,1081124.952,Uroderma_convexum_m
-7995290.42,1026124.952,Uroderma_convexum_m
-7940290.42,1026124.952,Uroderma_convexum_m
-7885290.42,1026124.952,Uroderma_convexum_m
-7830290.42,1026124.952,Uroderma_convexum_m
-7775290.42,1026124.952,Uroderma_convexum_m
-7720290.42,1026124.952,Uroderma_convexum_m
-7555290.42,1026124.952,Uroderma_convexum_m
-7500290.42,1026124.952,Uroderma_convexum_m
-7445290.42,1026124.952,Uroderma_convexum_m
-7390290.42,1026124.952,Uroderma_convexum_m
-7335290.42,1026124.952,Uroderma_convexum_m
-7280290.42,1026124.952,Uroderma_convexum_m
-7225290.42,1026124.952,Uroderma_convexum_m
-7170290.42,1026124.952,Uroderma_convexum_m
-7115290.42,1026124.952,Uroderma_convexum_m
-7060290.42,1026124.952,Uroderma_convexum_m
-7885290.42,971124.9519,Uroderma_convexum_m
-7830290.42,971124.9519,Uroderma_convexum_m
-7775290.42,971124.9519,Uroderma_convexum_m
-7720290.42,971124.9519,Uroderma_convexum_m
-7555290.42,971124.9519,Uroderma_convexum_m
-7500290.42,971124.9519,Uroderma_convexum_m
-7445290.42,971124.9519,Uroderma_convexum_m
-7390290.42,971124.9519,Uroderma_convexum_m
-7335290.42,971124.9519,Uroderma_convexum_m
-7280290.42,971124.9519,Uroderma_convexum_m
-7225290.42,971124.9519,Uroderma_convexum_m
-7170290.42,971124.9519,Uroderma_convexum_m
-7115290.42,971124.9519,Uroderma_convexum_m
-7060290.42,971124.9519,Uroderma_convexum_m
-7830290.42,916124.9519,Uroderma_convexum_m
-7775290.42,916124.9519,Uroderma_convexum_m
-7720290.42,916124.9519,Uroderma_convexum_m
-7555290.42,916124.9519,Uroderma_convexum_m
-7500290.42,916124.9519,Uroderma_convexum_m
-7445290.42,916124.9519,Uroderma_convexum_m
-7390290.42,916124.9519,Uroderma_convexum_m
-7335290.42,916124.9519,Uroderma_convexum_m
-7280290.42,916124.9519,Uroderma_convexum_m
-7225290.42,916124.9519,Uroderma_convexum_m
-7170290.42,916124.9519,Uroderma_convexum_m
-7115290.42,916124.9519,Uroderma_convexum_m
-7060290.42,916124.9519,Uroderma_convexum_m
-7500290.42,861124.9519,Uroderma_convexum_m
-7445290.42,861124.9519,Uroderma_convexum_m
-7390290.42,861124.9519,Uroderma_convexum_m
-7335290.42,861124.9519,Uroderma_convexum_m
-7170290.42,861124.9519,Uroderma_convexum_m
-7115290.42,861124.9519,Uroderma_convexum_m
-7500290.42,806124.9519,Uroderma_convexum_m
-7445290.42,806124.9519,Uroderma_convexum_m
-7390290.42,806124.9519,Uroderma_convexum_m
-7335290.42,806124.9519,Uroderma_convexum_m
-7225290.42,806124.9519,Uroderma_convexum_m
-7170290.42,806124.9519,Uroderma_convexum_m
-7115290.42,806124.9519,Uroderma_convexum_m
-7445290.42,751124.9519,Uroderma_convexum_m
-7390290.42,751124.9519,Uroderma_convexum_m
-7335290.42,751124.9519,Uroderma_convexum_m
-7225290.42,751124.9519,Uroderma_convexum_m
-7170290.42,751124.9519,Uroderma_convexum_m
-7500290.42,696124.9519,Uroderma_convexum_m
-7445290.42,696124.9519,Uroderma_convexum_m
-7390290.42,696124.9519,Uroderma_convexum_m
-7335290.42,696124.9519,Uroderma_convexum_m
-7225290.42,696124.9519,Uroderma_convexum_m
-7170290.42,696124.9519,Uroderma_convexum_m
-7445290.42,641124.9519,Uroderma_convexum_m
-7390290.42,641124.9519,Uroderma_convexum_m
-7335290.42,641124.9519,Uroderma_convexum_m
-7445290.42,586124.9519,Uroderma_convexum_m
-7390290.42,586124.9519,Uroderma_convexum_m
-7335290.42,586124.9519,Uroderma_convexum_m
-7500290.42,531124.9519,Uroderma_convexum_m
-7445290.42,531124.9519,Uroderma_convexum_m
-7390290.42,531124.9519,Uroderma_convexum_m
-7335290.42,531124.9519,Uroderma_convexum_m
-7445290.42,476124.9519,Uroderma_convexum_m
-7390290.42,476124.9519,Uroderma_convexum_m
-7500290.42,421124.9519,Uroderma_convexum_m
-7445290.42,421124.9519,Uroderma_convexum_m
-7390290.42,421124.9519,Uroderma_convexum_m
-7555290.42,366124.9519,Uroderma_convexum_m
-7500290.42,366124.9519,Uroderma_convexum_m
-7445290.42,366124.9519,Uroderma_convexum_m
-7390290.42,366124.9519,Uroderma_convexum_m
-7610290.42,311124.9519,Uroderma_convexum_m
-7555290.42,311124.9519,Uroderma_convexum_m
-7500290.42,311124.9519,Uroderma_convexum_m
-7445290.42,311124.9519,Uroderma_convexum_m
-7390290.42,311124.9519,Uroderma_convexum_m
-7610290.42,256124.9519,Uroderma_convexum_m
-7555290.42,256124.9519,Uroderma_convexum_m
-7500290.42,256124.9519,Uroderma_convexum_m
-7445290.42,256124.9519,Uroderma_convexum_m
-7390290.42,256124.9519,Uroderma_convexum_m
-7610290.42,201124.9519,Uroderma_convexum_m
-7555290.42,201124.9519,Uroderma_convexum_m
-7500290.42,201124.9519,Uroderma_convexum_m
-7445290.42,201124.9519,Uroderma_convexum_m
-7390290.42,201124.9519,Uroderma_convexum_m
-7720290.42,146124.9519,Uroderma_convexum_m
-7665290.42,146124.9519,Uroderma_convexum_m
-7610290.42,146124.9519,Uroderma_convexum_m
-7555290.42,146124.9519,Uroderma_convexum_m
-7500290.42,146124.9519,Uroderma_convexum_m
-7445290.42,146124.9519,Uroderma_convexum_m
-7720290.42,91124.95193,Uroderma_convexum_m
-7665290.42,91124.95193,Uroderma_convexum_m
-7610290.42,91124.95193,Uroderma_convexum_m
-7555290.42,91124.95193,Uroderma_convexum_m
-7500290.42,91124.95193,Uroderma_convexum_m
-7445290.42,91124.95193,Uroderma_convexum_m
-7720290.42,36124.95193,Uroderma_convexum_m
-7665290.42,36124.95193,Uroderma_convexum_m
-7610290.42,36124.95193,Uroderma_convexum_m
-7555290.42,36124.95193,Uroderma_convexum_m
-7500290.42,36124.95193,Uroderma_convexum_m
-7720290.42,-18875.04807,Uroderma_convexum_m
-7665290.42,-18875.04807,Uroderma_convexum_m
-7610290.42,-18875.04807,Uroderma_convexum_m
-7555290.42,-18875.04807,Uroderma_convexum_m
-7500290.42,-18875.04807,Uroderma_convexum_m
-7720290.42,-73875.04807,Uroderma_convexum_m
-7665290.42,-73875.04807,Uroderma_convexum_m
-7610290.42,-73875.04807,Uroderma_convexum_m
-7555290.42,-73875.04807,Uroderma_convexum_m
-7720290.42,-128875.0481,Uroderma_convexum_m
-7665290.42,-128875.0481,Uroderma_convexum_m
-7610290.42,-128875.0481,Uroderma_convexum_m
-7720290.42,-183875.0481,Uroderma_convexum_m
-7665290.42,-183875.0481,Uroderma_convexum_m
-7610290.42,-183875.0481,Uroderma_convexum_m
-7775290.42,-238875.0481,Uroderma_convexum_m
-7720290.42,-238875.0481,Uroderma_convexum_m
-7665290.42,-238875.0481,Uroderma_convexum_m
-7610290.42,-238875.0481,Uroderma_convexum_m
-7775290.42,-293875.0481,Uroderma_convexum_m
-7720290.42,-293875.0481,Uroderma_convexum_m
-7665290.42,-293875.0481,Uroderma_convexum_m
-7610290.42,-293875.0481,Uroderma_convexum_m
-7720290.42,-348875.0481,Uroderma_convexum_m
-7665290.42,-348875.0481,Uroderma_convexum_m
-7610290.42,-348875.0481,Uroderma_convexum_m
-7720290.42,-403875.0481,Uroderma_convexum_m
-7665290.42,-403875.0481,Uroderma_convexum_m
